<?xml version="1.0"?>
<config>
    <sections>
        <awadmingridimages translate="label" module="awadmingridimages">
            <label>Admin Grid Thumbnail</label>
            <tab>awall</tab>
            <frontend_type>text</frontend_type>
            <sort_order>99</sort_order>
            <show_in_default>1</show_in_default>
            <show_in_website>1</show_in_website>
            <show_in_store>1</show_in_store>
            <groups>
                <grid translate="label">
                    <label>General</label>
                    <frontend_type>text</frontend_type>
                    <sort_order>2</sort_order>
                    <show_in_default>1</show_in_default>
                    <show_in_website>1</show_in_website>
                    <show_in_store>1</show_in_store>
                    <fields>
                        <display translate="label,comment">
                            <label>Display product thumbnails</label>
                            <frontend_type>select</frontend_type>
                            <show_in_default>1</show_in_default>
                            <show_in_website>1</show_in_website>
                            <show_in_store>1</show_in_store>
                            <comment>Display product thumbnails on product grid page, Catalog > Manage Products</comment>
                            <source_model>AW_Admingridimages_Helper_Data</source_model>
                        </display>
                    </fields>
                </grid>
            </groups>
        </awadmingridimages>
    </sections>
</config>
