<_>
   <form_key>vq08dVkQ3SCauIzY</form_key>
   <name>MV_Quickview</name>
   <channel>community</channel>
   <version_ids>
      <version_ids>2</version_ids>
   </version_ids>
   <summary>Product Quick-View</summary>
   <description>This Magento extension will add ajax functionality to the product category pages. Users can view a product, select product options, and add to cart without leaving the product category page.

This is the Alpha release of the QuickView extension. Please report bugs to james.luke318@gmail.com</description>
   <license>OSL</license>
   <license_uri/>
   <version>1.0.0</version>
   <stability>stable</stability>
   <notes>Please report bugs to james.luke318@gmail.com</notes>
   <authors>
      <name>
         <name>Luke James</name>
      </name>
      <user>
         <user>luke</user>
      </user>
      <email>
         <email>james.luke318@gmail.com</email>
      </email>
   </authors>
   <depends_php_min>5.2.0</depends_php_min>
   <depends_php_max>6.0.0</depends_php_max>
   <depends>
      <package>
         <name>
            <name/>
         </name>
         <channel>
            <channel/>
         </channel>
         <min>
            <min/>
         </min>
         <max>
            <max/>
         </max>
         <files>
            <files>                   </files>
         </files>
      </package>
      <extension>
         <name>
            <name>Core</name>
         </name>
         <min>
            <min/>
         </min>
         <max>
            <max/>
         </max>
      </extension>
   </depends>
   <contents>
      <target>
         <target>magelocal</target>
         <target>magelocal</target>
         <target>mageetc</target>
         <target>magedesign</target>
         <target>magedesign</target>
         <target>mageskin</target>
         <target>mageskin</target>
         <target>mage</target>
      </target>
      <path>
         <path/>
         <path>MV/Quickview/</path>
         <path>modules/MV_Quickview.xml</path>
         <path>frontend/base/default/layout/quickview.xml</path>
         <path>frontend/base/default/template/quickview/</path>
         <path>frontend/base/default/js/quickview.js</path>
         <path>frontend/base/default/css/quickview.css</path>
         <path>js/jquery/</path>
      </path>
      <type>
         <type>file</type>
         <type>dir</type>
         <type>file</type>
         <type>file</type>
         <type>dir</type>
         <type>file</type>
         <type>file</type>
         <type>dir</type>
      </type>
      <include>
         <include/>
         <include/>
         <include/>
         <include/>
         <include/>
         <include/>
         <include/>
         <include/>
      </include>
      <ignore>
         <ignore/>
         <ignore/>
         <ignore/>
         <ignore/>
         <ignore/>
         <ignore/>
         <ignore/>
         <ignore/>
      </ignore>
   </contents>
   <page>1</page>
   <limit>200</limit>
   <folder/>
   <package/>
</_>
