<?xml version="1.0"?>
<config>
    <sections>
        <ppp translate="label" module="ppp">
            <label>Product Preview Pro</label>
            <tab>awall</tab>
            <frontend_type>text</frontend_type>
            <sort_order>100</sort_order>
            <show_in_default>1</show_in_default>
            <show_in_website>1</show_in_website>
            <show_in_store>1</show_in_store>
            <groups>
                <ppp_configuration translate="label">
                    <label>General</label>
                    <show_in_default>1</show_in_default>
                    <show_in_website>1</show_in_website>
                    <show_in_store>1</show_in_store>
                    <sort_order>10</sort_order>
                    <fields>
                        <categories translate="label comment">
                            <label>Show in categories</label>
                            <comment>If no category specified, product preview is displayed in all categories</comment>
                            <frontend_model>ppp/system_config_form_element_tree</frontend_model>
                            <sort_order>10</sort_order>
                            <show_in_default>1</show_in_default>
                            <show_in_website>1</show_in_website>
                            <show_in_store>1</show_in_store>
                        </categories>
                        <enablefornewcat translate="label">
                            <label>Enable for new categories</label>
                            <frontend_type>select</frontend_type>
                            <source_model>ppp/source_ShowInNewCtgry</source_model>
                            <sort_order>11</sort_order>
                            <show_in_default>1</show_in_default>
                            <show_in_website>1</show_in_website>
                            <show_in_store>1</show_in_store>
                        </enablefornewcat>
                        <showproducttitle translate="label">
                            <label>Show product title</label>
                            <frontend_type>select</frontend_type>
                            <source_model>ppp/source_ShowInNewCtgry</source_model>
                            <sort_order>12</sort_order>
                            <show_in_default>1</show_in_default>
                            <show_in_website>1</show_in_website>
                            <show_in_store>1</show_in_store>
                        </showproducttitle>
                        <maximagesize translate="label comment">
                            <label>Max image size (Width and Height px.)</label>
                            <comment>If no value specified, 300px is set up by default</comment>
                            <frontend_type>text</frontend_type>
                            <sort_order>20</sort_order>
                            <show_in_default>1</show_in_default>
                            <show_in_website>1</show_in_website>
                            <show_in_store>1</show_in_store>
                        </maximagesize>
                        <image translate="label">
                            <label>Image loading indicator</label>
                            <frontend_type>image</frontend_type>
                            <backend_model>adminhtml/system_config_backend_image</backend_model>
                            <upload_dir config="system/filesystem/media" scope_info="1">aw_ppp</upload_dir>
                            <base_url type="media" scope_info="1">aw_ppp</base_url>
                            <sort_order>30</sort_order>
                            <show_in_default>1</show_in_default>
                            <show_in_website>1</show_in_website>
                            <show_in_store>1</show_in_store>
                        </image>
                        <delaybeforedisplay translate="label comment">
                            <label>Delay time before preview displaying (ms)</label>
                            <comment>If no value specified, 500ms is set up by default</comment>
                            <frontend_type>text</frontend_type>
                            <sort_order>40</sort_order>
                            <show_in_default>1</show_in_default>
                            <show_in_website>1</show_in_website>
                            <show_in_store>1</show_in_store>
                        </delaybeforedisplay>
                    </fields>
                </ppp_configuration>
            </groups>
        </ppp>
    </sections>
</config>
