<?xml version="1.0"?>
<config>
   <sections>
        <payment>
            <groups>
                <authnetcim translate="label" module="paygate">
                    <label>Authorize.Net CIM</label>
                    <frontend_type>text</frontend_type>
                    <sort_order>670</sort_order>
                    <show_in_default>1</show_in_default>
                    <show_in_website>1</show_in_website>
                    <show_in_store>0</show_in_store>
                    <comment><![CDATA[<div style="float:right;text-align:center;"><img src="http://store.paradoxlabs.com/media/wysiwyg/AuthorizeNetCertified.gif" width="140" height="50" border="0" alt="Authorize.Net Certified Solution" /><br />by <a href="https://store.paradoxlabs.com/magento-authorize-net-cim-payment-module.html" target="_blank">ParadoxLabs, inc.</a></div>]]></comment>
                    <fields>
                        <version translate="label">
                            <label>Version Installed</label>
                            <frontend_type>label</frontend_type>
							<backend_model>authnetcim/config_version</backend_model>
							<sort_order>0</sort_order>
                            <show_in_default>1</show_in_default>
                            <show_in_website>1</show_in_website>
                            <show_in_store>0</show_in_store>
                        </version>
                    	<apitest>
							<label>API Test</label>
							<frontend_type>label</frontend_type>
							<frontend_model>authnetcim/adminhtml_config_apitest</frontend_model>
							<sort_order>5</sort_order>
							<show_in_default>1</show_in_default>
							<show_in_website>1</show_in_website>
							<show_in_store>0</show_in_store>
                    	</apitest>
                        <active translate="label">
                            <label>Enabled</label>
                            <frontend_type>select</frontend_type>
                            <source_model>adminhtml/system_config_source_yesno</source_model>
                            <sort_order>10</sort_order>
                            <show_in_default>1</show_in_default>
                            <show_in_website>1</show_in_website>
                            <show_in_store>0</show_in_store>
                        </active>
                        <title translate="label">
                            <label>Title</label>
                            <frontend_type>text</frontend_type>
                            <sort_order>15</sort_order>
                            <show_in_default>1</show_in_default>
                            <show_in_website>1</show_in_website>
                            <show_in_store>1</show_in_store>
                        </title>
                        <login translate="label">
                            <label>API Login ID</label>
                            <frontend_type>obscure</frontend_type>
                            <backend_model>adminhtml/system_config_backend_encrypted</backend_model>
                            <sort_order>20</sort_order>
                            <show_in_default>1</show_in_default>
                            <show_in_website>1</show_in_website>
                            <show_in_store>0</show_in_store>
                        </login>
                        <trans_key translate="label">
                            <label>Transaction Key</label>
                            <frontend_type>obscure</frontend_type>
                            <backend_model>adminhtml/system_config_backend_encrypted</backend_model>
                            <sort_order>30</sort_order>
                            <show_in_default>1</show_in_default>
                            <show_in_website>1</show_in_website>
                            <show_in_store>0</show_in_store>
                        </trans_key>
                        <test translate="label">
                            <label>Authorize.Net Test Mode</label>
                            <frontend_type>select</frontend_type>
                            <source_model>adminhtml/system_config_source_yesno</source_model>
                            <sort_order>50</sort_order>
                            <show_in_default>1</show_in_default>
                            <show_in_website>1</show_in_website>
                            <show_in_store>0</show_in_store>
                        </test>
                        <debug translate="label">
                            <label>Full Logging</label>
                            <frontend_type>select</frontend_type>
                            <source_model>adminhtml/system_config_source_yesno</source_model>
                            <sort_order>55</sort_order>
                            <show_in_default>1</show_in_default>
                            <show_in_website>1</show_in_website>
                            <show_in_store>0</show_in_store>
                        </debug>
                        <payment_action translate="label">
                            <label>Payment Action</label>
                            <frontend_type>select</frontend_type>
                            <source_model>paygate/authorizenet_source_paymentAction</source_model>
                            <sort_order>60</sort_order>
                            <show_in_default>1</show_in_default>
                            <show_in_website>1</show_in_website>
                            <show_in_store>0</show_in_store>
                        </payment_action>
                        <validation_mode translate="label">
                            <label>Validation Type</label>
                            <frontend_type>select</frontend_type>
                            <source_model>authnetcim/config_validationmode</source_model>
                            <sort_order>65</sort_order>
                            <show_in_default>1</show_in_default>
                            <show_in_website>1</show_in_website>
                            <show_in_store>0</show_in_store>
                        </validation_mode>
                        <order_status translate="label">
                            <label>New Order Status</label>
                            <frontend_type>select</frontend_type>
                            <source_model>adminhtml/system_config_source_order_status_newprocessing</source_model>
                            <sort_order>70</sort_order>
                            <show_in_default>1</show_in_default>
                            <show_in_website>1</show_in_website>
                            <show_in_store>0</show_in_store>
                        </order_status>
                        <cctypes translate="label">
                            <label>Credit Card Types</label>
                            <frontend_type>multiselect</frontend_type>
                            <source_model>paygate/authorizenet_source_cctype</source_model>
                            <sort_order>80</sort_order>
                            <show_in_default>1</show_in_default>
                            <show_in_website>1</show_in_website>
                            <show_in_store>0</show_in_store>
                        </cctypes>
                        <useccv translate="label">
                            <label>Credit Card Verification</label>
                            <frontend_type>select</frontend_type>
                            <source_model>adminhtml/system_config_source_yesno</source_model>
                            <sort_order>90</sort_order>
                            <show_in_default>1</show_in_default>
                            <show_in_website>1</show_in_website>
                            <show_in_store>0</show_in_store>
                        </useccv>
                        <allow_unsaved translate="label">
                            <label>Allow cards to not be stored</label>
                            <frontend_type>select</frontend_type>
                            <source_model>adminhtml/system_config_source_yesno</source_model>
                            <sort_order>95</sort_order>
                            <show_in_default>1</show_in_default>
                            <show_in_website>1</show_in_website>
                            <show_in_store>0</show_in_store>
                        </allow_unsaved>
                        <show_branding translate="label">
                            <label>Show Authorize.Net logo</label>
                            <frontend_type>select</frontend_type>
                            <source_model>adminhtml/system_config_source_yesno</source_model>
                            <sort_order>96</sort_order>
                            <show_in_default>1</show_in_default>
                            <show_in_website>1</show_in_website>
                            <show_in_store>0</show_in_store>
                        </show_branding>
                        <currency translate="label">
                            <label>Accepted Currency</label>
                            <frontend_type>select</frontend_type>
                            <source_model>adminhtml/system_config_source_currency</source_model>
                            <sort_order>100</sort_order>
                            <show_in_default>1</show_in_default>
                            <show_in_website>1</show_in_website>
                            <show_in_store>0</show_in_store>
                        </currency>
                        <allowspecific translate="label">
                            <label>Allow Payment from Countries</label>
                            <frontend_type>allowspecific</frontend_type>
                            <sort_order>110</sort_order>
                            <source_model>adminhtml/system_config_source_payment_allspecificcountries</source_model>
                            <show_in_default>1</show_in_default>
                            <show_in_website>1</show_in_website>
                            <show_in_store>0</show_in_store>
                        </allowspecific>
                        <specificcountry translate="label">
                            <label>Payment from Specific Countries</label>
                            <frontend_type>multiselect</frontend_type>
                            <sort_order>120</sort_order>
                            <source_model>adminhtml/system_config_source_country</source_model>
                            <show_in_default>1</show_in_default>
                            <show_in_website>1</show_in_website>
                            <show_in_store>0</show_in_store>
                            <depends><allowspecific>1</allowspecific></depends>
                        </specificcountry>
                        <min_order_total translate="label">
                            <label>Minimum Order Total</label>
                            <frontend_type>text</frontend_type>
                            <sort_order>130</sort_order>
                            <show_in_default>1</show_in_default>
                            <show_in_website>1</show_in_website>
                            <show_in_store>0</show_in_store>
                        </min_order_total>
                        <max_order_total translate="label">
                            <label>Maximum Order Total</label>
                            <frontend_type>text</frontend_type>
                            <sort_order>140</sort_order>
                            <show_in_default>1</show_in_default>
                            <show_in_website>1</show_in_website>
                            <show_in_store>0</show_in_store>
                        </max_order_total>
                        <sort_order translate="label">
                            <label>Sort Order</label>
                            <frontend_type>text</frontend_type>
                            <sort_order>150</sort_order>
                            <show_in_default>1</show_in_default>
                            <show_in_website>1</show_in_website>
                            <show_in_store>0</show_in_store>
                        </sort_order>
                    </fields>
                </authnetcim>
            </groups>
        </payment>
    </sections>
</config>