<?xml version="1.0"?>
<!--
/**
 * @copyright Amasty 2012
 */
-->
<config>
    <sections>
        <carriers>
            <groups>
                <amtable translate="label">
                    <label>Shipping Table Rates</label>
                    <frontend_type>text</frontend_type>
                    <sort_order>1</sort_order>
                    <show_in_default>1</show_in_default>
                    <show_in_website>1</show_in_website>
                    <show_in_store>1</show_in_store>
                    <fields>
                        <active translate="label">
                            <label>Enabled</label>
                            <frontend_type>select</frontend_type>
                            <source_model>adminhtml/system_config_source_yesno</source_model>
                            <sort_order>10</sort_order>
                            <show_in_default>1</show_in_default>
                            <show_in_website>1</show_in_website>
                            <show_in_store>1</show_in_store>
                        </active>
                        <title translate="label">
                            <label>Title</label>
                            <frontend_type>text</frontend_type>
                            <sort_order>20</sort_order>
                            <show_in_default>1</show_in_default>
                            <show_in_website>1</show_in_website>
                            <show_in_store>1</show_in_store>
                        </title>
                       
                        <sallowspecific translate="label">
                            <label>Ship to applicable countries</label>
                            <frontend_type>select</frontend_type>
                            <sort_order>90</sort_order>
                            <frontend_class>shipping-applicable-country</frontend_class>
                            <source_model>adminhtml/system_config_source_shipping_allspecificcountries</source_model>
                            <show_in_default>1</show_in_default>
                            <show_in_website>1</show_in_website>
                            <show_in_store>0</show_in_store>
                        </sallowspecific>
                        
                        <specificcountry translate="label">
                            <label>Ship to Specific countries</label>
                            <frontend_type>multiselect</frontend_type>
                            <sort_order>95</sort_order>
                            <source_model>adminhtml/system_config_source_country</source_model>
                            <show_in_default>1</show_in_default>
                            <show_in_website>1</show_in_website>
                            <show_in_store>0</show_in_store>
                        </specificcountry>

                        <specificerrmsg translate="label">
                            <label>Displayed Error Message</label>
                            <frontend_type>textarea</frontend_type>
                            <sort_order>110</sort_order>
                            <show_in_default>1</show_in_default>
                            <show_in_website>1</show_in_website>
                            <show_in_store>1</show_in_store>
                        </specificerrmsg>
                        <allow_promo translate="label comment">
                            <label>Allow Free Shipping Promotions</label>
                            <frontend_type>select</frontend_type>
                            <source_model>adminhtml/system_config_source_yesno</source_model>
                            <sort_order>120</sort_order>
                            <show_in_default>1</show_in_default>
                            <show_in_website>1</show_in_website>
                            <show_in_store>1</show_in_store>
                        </allow_promo>
                        <ignore_virtual translate="label comment">
                            <label>Ignore Price and Quantity of Virtual Products</label>
                            <frontend_type>select</frontend_type>
                            <source_model>adminhtml/system_config_source_yesno</source_model>
                            <sort_order>130</sort_order>
                            <show_in_default>1</show_in_default>
                            <show_in_website>1</show_in_website>
                            <show_in_store>1</show_in_store>
                        </ignore_virtual>                        
                        <numeric_zip translate="label comment">
                            <label>Numeric Zip</label>
                            <frontend_type>select</frontend_type>
                            <source_model>adminhtml/system_config_source_yesno</source_model>                            
                            <sort_order>140</sort_order>
                            <show_in_default>1</show_in_default>
                            <show_in_website>1</show_in_website>
                            <show_in_store>1</show_in_store>       
                        </numeric_zip>
                        <after_discount translate="label comment">
                            <label>Use price AFTER discount</label>
                            <frontend_type>select</frontend_type>
                            <source_model>adminhtml/system_config_source_yesno</source_model>
                            <sort_order>150</sort_order>
                            <show_in_default>1</show_in_default>
                            <show_in_website>1</show_in_website>
                            <show_in_store>1</show_in_store>
                        </after_discount> 
                        <including_tax translate="label comment">
                            <label>Use price INCLUDING tax</label>
                            <frontend_type>select</frontend_type>
                            <source_model>adminhtml/system_config_source_yesno</source_model>
                            <sort_order>160</sort_order>
                            <show_in_default>1</show_in_default>
                            <show_in_website>1</show_in_website>
                            <show_in_store>1</show_in_store>
                        </including_tax>   
                        <sort_order translate="label">
                            <label>Sort order</label>
                            <frontend_type>text</frontend_type>
                            <sort_order>170</sort_order>
                            <show_in_default>1</show_in_default>
                            <show_in_website>1</show_in_website>
                            <show_in_store>1</show_in_store>
                        </sort_order>                                                                       
                        <dont_split translate="label">
                            <label>Use only one shipping type for shipping method</label>
                            <frontend_type>select</frontend_type>
                            <source_model>adminhtml/system_config_source_yesno</source_model>
                            <sort_order>180</sort_order>
                            <show_in_default>1</show_in_default>
                            <show_in_website>1</show_in_website>
                            <show_in_store>1</show_in_store>
                        </dont_split>
                        <showmethod translate="label">
                            <label>Show Method if Not Applicable</label>
                            <frontend_type>select</frontend_type>
                            <sort_order>200</sort_order>
                            <frontend_class>shipping-skip-hide</frontend_class>
                            <source_model>adminhtml/system_config_source_yesno</source_model>
                            <show_in_default>1</show_in_default>
                            <show_in_website>1</show_in_website>
                            <show_in_store>0</show_in_store>
                        </showmethod>                                                                                               
                    </fields>
                </amtable>
            </groups>
        </carriers>

    </sections>
</config>