<?xml version="1.0"?>
<config>
	<sections>
		<easycategories translate="label" module="easycategories">
			<label>Easy Categories</label>
			<tab>awall</tab>
			<frontend_type>text</frontend_type>
			<sort_order>100</sort_order>
			<show_in_default>1</show_in_default>
			<show_in_website>1</show_in_website>
			<show_in_store>1</show_in_store>
			<groups>
				<homepagesettings translate="label">
					<label>Home Page Settings</label>
                    <sort_order>5</sort_order>
					<show_in_default>1</show_in_default>
					<show_in_website>1</show_in_website>
					<show_in_store>1</show_in_store>
					<fields>
						<display translate="label">
							<label>Display</label>
							<frontend_type>select</frontend_type>
							<source_model>adminhtml/system_config_source_yesno</source_model>
							<sort_order>40</sort_order>
							<show_in_default>1</show_in_default>
							<show_in_website>1</show_in_website>
							<show_in_store>1</show_in_store>
						</display>
                        <template translate="label">
							<label>Template</label>
							<frontend_type>select</frontend_type>
                            <source_model>easycategories/source_templates</source_model>
							<sort_order>70</sort_order>
							<show_in_default>1</show_in_default>
							<show_in_website>1</show_in_website>
							<show_in_store>1</show_in_store>
						</template>
                        <thumbnail>
                            <label>Display Thumbnails</label>
                            <frontend_type>select</frontend_type>
							<source_model>adminhtml/system_config_source_yesno</source_model>
							<sort_order>80</sort_order>
							<show_in_default>1</show_in_default>
							<show_in_website>1</show_in_website>
							<show_in_store>1</show_in_store>
                        </thumbnail>
                        <thumbnail_instead_text>
                            <label>Use thumbnail instead of category text</label>
                            <frontend_type>select</frontend_type>
							<source_model>adminhtml/system_config_source_yesno</source_model>
							<sort_order>90</sort_order>
                            <comment>If thumbnail exists</comment>
							<show_in_default>1</show_in_default>
							<show_in_website>1</show_in_website>
							<show_in_store>1</show_in_store>
                        </thumbnail_instead_text>
                        <thumbnail_width>
                            <label>Thumbnail width (in pixels)</label>
                            <frontend_type>text</frontend_type>
							<sort_order>100</sort_order>
							<show_in_default>1</show_in_default>
							<show_in_website>1</show_in_website>
							<show_in_store>1</show_in_store>
                        </thumbnail_width>
                    </fields>
				</homepagesettings>
                <categorysettings translate="label">
					<label>Category Settings</label>
                    <sort_order>10</sort_order>
					<show_in_default>1</show_in_default>
					<show_in_website>1</show_in_website>
					<show_in_store>1</show_in_store>
					<fields>
						<display translate="label">
							<label>Display</label>
							<frontend_type>select</frontend_type>
							<source_model>adminhtml/system_config_source_yesno</source_model>
							<sort_order>40</sort_order>
							<show_in_default>1</show_in_default>
							<show_in_website>1</show_in_website>
							<show_in_store>1</show_in_store>
						</display>
                        <template translate="label">
							<label>Template</label>
							<frontend_type>select</frontend_type>
                            <source_model>easycategories/source_templates</source_model>
							<sort_order>70</sort_order>
							<show_in_default>1</show_in_default>
							<show_in_website>1</show_in_website>
							<show_in_store>1</show_in_store>
						</template>
                        <thumbnail>
                            <label>Display Thumbnails</label>
                            <frontend_type>select</frontend_type>
							<source_model>adminhtml/system_config_source_yesno</source_model>
							<sort_order>80</sort_order>
							<show_in_default>1</show_in_default>
							<show_in_website>1</show_in_website>
							<show_in_store>1</show_in_store>
                        </thumbnail>
                        <thumbnail_instead_text>
                            <label>Use thumbnail instead of category text</label>
                            <frontend_type>select</frontend_type>
							<source_model>adminhtml/system_config_source_yesno</source_model>
							<sort_order>90</sort_order>
                            <comment>If thumbnail exists</comment>
							<show_in_default>1</show_in_default>
							<show_in_website>1</show_in_website>
							<show_in_store>1</show_in_store>
                        </thumbnail_instead_text>
                        <thumbnail_width>
                            <label>Thumbnail width (in pixels)</label>
                            <frontend_type>text</frontend_type>
							<sort_order>100</sort_order>
							<show_in_default>1</show_in_default>
							<show_in_website>1</show_in_website>
							<show_in_store>1</show_in_store>
                        </thumbnail_width>
                    </fields>
				</categorysettings>
			</groups>
		</easycategories>
	</sections>
</config>
